<?xml version="1.0" encoding="UTF-8"?>
<!DOCTYPE mapper
    PUBLIC "-//mybatis.org//DTD Mapper 3.0//EN"
    "http://mybatis.org/dtd/mybatis-3-mapper.dtd">

<mapper namespace="com.javalec.team.dao.FaqDao"> <!-- dao파일 경로 --> 

    <select id="listPaging" resultType="com.javalec.team.dto.FaqDto">
        <![CDATA[
        		select rn, f_code, u_id, f_title, f_category, f_content, f_date, f_num from(
        		select rownum as rn, f_code, u_id, f_title, f_category, f_content, f_date, f_num
        		from faq where rownum <= #{pageNum} * #{amount}  order by f_code desc)
        	where rn > (#{pageNum} -1) * #{amount}
        ]]>
    </select>

    <select id="searchTitle" resultType="com.javalec.team.dto.FaqDto">
        <![CDATA[
        		select rn, f_code, u_id, f_title, f_category, f_content, f_date, f_num from(
        		select rownum as rn, f_code, u_id, f_title, f_category, f_content, f_date, f_num
        		from faq where rownum <= #{pageNum} * #{amount} and f_title like '%'||#{title}||'%' order by f_code desc)
        	where rn > (#{pageNum} -1) * #{amount}
        ]]>
    </select>

    <select id="searchContent" resultType="com.javalec.team.dto.FaqDto">
        <![CDATA[
        		select rn, f_code, u_id, f_title, f_category, f_content, f_date, f_num from(
        		select rownum as rn, f_code, u_id, f_title, f_category, f_content, f_date, f_num
        		from faq where rownum <= #{pageNum} * #{amount} and f_content like '%'||#{title}||'%' order by f_code desc)
        	where rn > (#{pageNum} -1) * #{amount}
        ]]>
    </select>

    <select id="searchCategory" resultType="com.javalec.team.dto.FaqDto">
        <![CDATA[
        		select rn, f_code, u_id, f_title, f_category, f_content, f_date, f_num from(
        		select rownum as rn, f_code, u_id, f_title, f_category, f_content, f_date, f_num
        		from faq where rownum <= #{pageNum} * #{amount} and f_category like '%'||#{title}||'%' order by f_code desc)
        	where rn > (#{pageNum} -1) * #{amount}
        ]]>
    </select>

        <!-- 게시물 총 개숫 -->
    <select id="getTotal" resultType="int">
        select count(*) from faq
    </select>

    <select id="list" parameterType="hashmap" resultType="com.javalec.team.dto.FaqDto">
        select * from faq order by f_code desc
    </select>

   <insert id="write" parameterType="hashmap">
   		insert into faq(f_code, u_id, f_category, f_title, f_content, f_num)
   		 values(#{f_code}, #{u_id}, #{f_category}, #{f_title}, #{f_content}, #{f_num}+1)
    </insert>
    
    <select id="show" parameterType="hashmap" resultType="com.javalec.team.dto.FaqDto">
        select * from faq where f_code=#{f_code}
    </select>
    
    <select id="num" resultType="int">
        select count(*) from faq
    </select>
    
    <delete id="delete" parameterType="hashmap">
        delete from faq where f_code=#{f_code}
    </delete>
    
    <select id="getfcode" parameterType="hashmap" resultType="int">
        select max(f_code) from faq 
    </select>
    
    <update id="modify" parameterType="hashmap">
    	update faq set f_category = #{f_category}, f_title = #{f_title}, f_content=#{f_content}
    	 where f_code=#{f_code}
    </update>
    
    
    <!-- 검색기능 추가해야함
     <select id="search" parameterType="hashmap" resultType="com.javalec.team.dto.FaqDto">
        select * from faq where f_title
    </select> -->
    
</mapper>