<?xml version="1.0" encoding="UTF-8"?>

<!DOCTYPE mapper
    PUBLIC "-//mybatis.org//DTD Mapper 3.0//EN"
    "http://mybatis.org/dtd/mybatis-3-mapper.dtd">

<mapper namespace="com.javalec.team.dao.GoodsDao">

     <select id="getGoods" resultType="com.javalec.team.dto.GoodsDto" parameterType="hashmap">
        <!-- select mem_pwd from mvc_member where mem_uid=#{mem_uid} --> 
        select * from goods where g_code = #{g_code}
    </select> 
 
   <insert id="insertBuy">
		insert into history(h_code,c_amount,u_id,g_code,g_price) VALUES(HISTORY_SEQ.nextval,${c_amount},'${u_id}',${g_code},${g_price})
    </insert>
   <insert id="insertGoods">
		insert into goods(g_code,g_name,g_price,g_section,img_origin,img_1) VALUES(#{g_code},'${g_name}',${g_price},${g_section},'${img_origin}','${img_1}')
   </insert>
	<select id="list_sort" resultType="com.javalec.team.dto.GoodsDto">
        select g_code, g_name, g_price, g_section, img_origin, img_1 
        from goods 
        order by ${sort}
    </select>
   
   <insert id="insertGoodsImg">
		insert into goodsimg(g_code,img_code,img_origin,img_2) VALUES(${g_code},GOODSIMG_SEQ.nextval,'${img_origin}','${img_2}')
   </insert>
   
     <select id="getGoodsGcode" resultType="com.javalec.team.dto.GoodsDto" parameterType="hashmap">
        <!-- select  max(g_code) from goods --> 
        select max(g_code) as g_code from goods
    </select>
  
  
       
    <insert id="del_goods" parameterType="hashmap">
        delete goods where g_code=#{g_code}
    </insert>
    
        
    <select id="show" resultType="com.javalec.team.dto.GoodsDto">
        select g_code, g_name, g_price, g_section, img_origin, img_1
        from goods
        where g_code=#{g_code}
    </select>
    
    <insert id="edit_goods" parameterType="hashmap">
		update goods 
		set g_code=#{g_code}, g_name=#{g_name}, g_price=#{g_price}, g_section=#{g_section},
			img_origin=#{img_origin}, img_1=#{img_1}
		where g_code=#{g_code}
    </insert>
    <insert id="edit_goodsimg" parameterType="hashmap">
		update goodsimg 
		set img_origin=#{img_origin}, img_2=#{img_2}
		where g_code=#{g_code}
    </insert>
    <insert id="del_goodsimg" parameterType="hashmap">
        delete goodsimg where g_code=#{g_code}
    </insert>
    <select id="getGoods_section" resultType="com.javalec.team.dto.GoodsDto" parameterType="hashmap">
        select g_name,g_code,g_price,g_section,img_1 from goods where g_section = #{g_section}
    </select> 
</mapper>